quarter,months,round2_pinball,round1_pinball,empirical_pinball,naive_pinball,round2_improvement_vs_round1,round2_improvement_vs_empirical,round2_wins_vs_round1,round2_wins_vs_empirical
Q1,3,11.03660993,12.32965722,13.87787239,23.01479167,0.1048729307,0.2047332889,3,2
Q2,3,6.184315481,6.695280919,8.137766758,11.33983516,0.07631725148,0.2400475873,2,3
Q3,3,7.080824735,7.153510073,8.359090978,13.56182065,0.01016079339,0.1529192883,2,3
Q4,3,9.223067262,9.810689367,10.17015065,13.44877717,0.05989610757,0.09312383121,2,1
