model,nominal_coverage,empirical_coverage,coverage_error,absolute_coverage_error,mean_width
catboost_round2,0.5,0.4433789954,-0.05662100457,0.05662100457,34.64633609
catboost_round2,0.8,0.7026255708,-0.09737442922,0.09737442922,63.55067914
catboost_round2,0.9,0.8182648402,-0.08173515982,0.08173515982,80.95622411
catboost_round2,0.98,0.9323059361,-0.04769406393,0.04769406393,109.4058693
