model,nominal_coverage,empirical_coverage,coverage_error,absolute_coverage_error,mean_width
catboost_round1,0.5,0.3711187215,-0.1288812785,0.1288812785,29.51581048
catboost_round1,0.8,0.6483447489,-0.1516552511,0.1516552511,55.1940442
catboost_round1,0.9,0.7673515982,-0.1326484018,0.1326484018,70.02524728
catboost_round1,0.98,0.8948630137,-0.0851369863,0.0851369863,94.38818931
