statistic,value
count,61344.000000
q0,16.100000
q0.001,66.700000
q0.01,74.600000
q0.05,85.900000
q0.25,110.700000
q0.5,135.100000
q0.75,174.400000
q0.95,239.800000
q0.99,273.900000
q0.999,299.800000
q1,317.500000
mean,146.177224
std,46.982019
skew,0.816884
