year,hours,load_mean,load_std,load_min,load_q05,load_median,load_q95,load_max,temperature_mean
2005,8760,139.123527,44.454893,64.800000,80.300000,129.400000,227.505000,291.300000,60.724635
2006,8760,134.515776,42.010555,48.400000,80.700000,124.950000,222.000000,291.400000,61.187635
2007,8760,144.481130,44.645181,69.000000,86.400000,134.900000,232.205000,307.400000,61.750100
2008,8784,147.129804,45.875840,72.500000,88.200000,134.900000,239.700000,295.900000,60.730546
2009,8760,149.128710,44.927044,64.400000,90.900000,139.200000,236.805000,303.800000,60.344685
2010,8760,161.151621,52.881544,72.400000,90.895000,150.350000,259.900000,315.600000,60.165333
2011,8760,147.707386,48.726725,16.100000,85.895000,135.450000,245.100000,317.500000,61.498087
